date,country,countryCode,province,provinceCode,city,cityCode,confirmed,suspected,cured,dead,现有确诊,beta1,beta2,sigma,gamma1,gamma2,q,k1,k2
2019/12/1,中国,CN,湖北省,420000,武汉市,420100,1,0,0,0,1,0.32844575,0.31867058,0.00391007,0.06940371,0.00684262,0.68914956,0.01075269,0.00782014
2019/12/2,中国,CN,湖北省,420000,武汉市,420100,1,0,0,0,1,0.32844575,0.31867058,0.00391007,0.06940371,0.00684262,0.68914956,0.01075269,0.00782014
2019/12/3,中国,CN,湖北省,420000,武汉市,420100,1,0,0,0,1,0.32844575,0.31867058,0.00391007,0.06940371,0.00684262,0.68914956,0.01075269,0.00782014
2019/12/4,中国,CN,湖北省,420000,武汉市,420100,1,0,0,0,1,0.32844575,0.31867058,0.00391007,0.06940371,0.00684262,0.68914956,0.01075269,0.00782014
2019/12/5,中国,CN,湖北省,420000,武汉市,420100,1,0,0,0,1,0.32844575,0.31867058,0.00391007,0.06940371,0.00684262,0.68914956,0.01075269,0.00782014
2019/12/6,中国,CN,湖北省,420000,武汉市,420100,1,0,0,0,1,0.32844575,0.31867058,0.00391007,0.06940371,0.00684262,0.68914956,0.01075269,0.00782014
2019/12/7,中国,CN,湖北省,420000,武汉市,420100,1,0,0,0,1,0.32844575,0.31867058,0.00391007,0.06940371,0.00684262,0.68914956,0.01075269,0.00782014
2019/12/8,中国,CN,湖北省,420000,武汉市,420100,1,0,0,0,1,0.32844575,0.31867058,0.00391007,0.06940371,0.00684262,0.68914956,0.01075269,0.00782014
2019/12/9,中国,CN,湖北省,420000,武汉市,420100,1,0,0,0,1,0.32844575,0.31867058,0.00391007,0.06940371,0.00684262,0.68914956,0.01075269,0.00782014
2019/12/10,中国,CN,湖北省,420000,武汉市,420100,1,0,0,0,1,0.32844575,0.31867058,0.00391007,0.06940371,0.00684262,0.68914956,0.01075269,0.00782014
2019/12/11,中国,CN,湖北省,420000,武汉市,420100,4,0,0,0,4,0.32844575,0.31867058,0.00391007,0.06940371,0.00684262,0.68914956,0.01075269,0.00782014
2019/12/12,中国,CN,湖北省,420000,武汉市,420100,4,0,0,0,4,0.32844575,0.31867058,0.00391007,0.06940371,0.00684262,0.68914956,0.01075269,0.00782014
2019/12/13,中国,CN,湖北省,420000,武汉市,420100,4,0,0,0,4,0.32844575,0.31867058,0.00391007,0.06940371,0.00684262,0.68914956,0.01075269,0.00782014
2019/12/14,中国,CN,湖北省,420000,武汉市,420100,4,0,0,0,4,0.32844575,0.31867058,0.00391007,0.06940371,0.00684262,0.68914956,0.01075269,0.00782014
2019/12/15,中国,CN,湖北省,420000,武汉市,420100,6,0,0,0,6,0.32844575,0.31867058,0.00391007,0.06940371,0.00684262,0.68914956,0.01075269,0.00782014
2019/12/16,中国,CN,湖北省,420000,武汉市,420100,6,0,0,0,6,0.32844575,0.31867058,0.00391007,0.06940371,0.00684262,0.68914956,0.01075269,0.00782014
2019/12/17,中国,CN,湖北省,420000,武汉市,420100,7,0,0,0,7,0.32844575,0.31867058,0.00391007,0.06940371,0.00684262,0.68914956,0.01075269,0.00782014
2019/12/18,中国,CN,湖北省,420000,武汉市,420100,8,0,0,0,8,0.32844575,0.31867058,0.00391007,0.06940371,0.00684262,0.68914956,0.01075269,0.00782014
2019/12/19,中国,CN,湖北省,420000,武汉市,420100,9,0,0,0,9,0.32844575,0.31867058,0.00391007,0.06940371,0.00684262,0.68914956,0.01075269,0.00782014
2019/12/20,中国,CN,湖北省,420000,武汉市,420100,14,0,0,0,14,0.32844575,0.31867058,0.00391007,0.06940371,0.00684262,0.68914956,0.01075269,0.00782014
2019/12/21,中国,CN,湖北省,420000,武汉市,420100,18,0,0,0,18,0.32844575,0.31867058,0.00391007,0.06940371,0.00684262,0.68914956,0.01075269,0.00782014
2019/12/22,中国,CN,湖北省,420000,武汉市,420100,21,0,0,0,21,0.32844575,0.31867058,0.00391007,0.06940371,0.00684262,0.68914956,0.01075269,0.00782014
2019/12/23,中国,CN,湖北省,420000,武汉市,420100,29,0,0,0,29,0.32844575,0.31867058,0.00391007,0.06940371,0.00684262,0.68914956,0.01075269,0.00782014
2019/12/24,中国,CN,湖北省,420000,武汉市,420100,30,0,0,0,30,0.32844575,0.31867058,0.00391007,0.06940371,0.00684262,0.68914956,0.01075269,0.00782014
2019/12/25,中国,CN,湖北省,420000,武汉市,420100,33,0,0,0,33,0.32844575,0.31867058,0.00391007,0.06940371,0.00684262,0.68914956,0.01075269,0.00782014
2019/12/26,中国,CN,湖北省,420000,武汉市,420100,35,0,0,0,35,0.32844575,0.31867058,0.00391007,0.06940371,0.00684262,0.68914956,0.01075269,0.00782014
2019/12/27,中国,CN,湖北省,420000,武汉市,420100,37,0,0,0,37,0.32844575,0.31867058,0.00391007,0.06940371,0.00684262,0.68914956,0.01075269,0.00782014
2019/12/28,中国,CN,湖北省,420000,武汉市,420100,37,0,0,0,37,0.32844575,0.31867058,0.00391007,0.06940371,0.00684262,0.68914956,0.01075269,0.00782014
2019/12/29,中国,CN,湖北省,420000,武汉市,420100,37,0,0,0,37,0.32844575,0.31867058,0.00391007,0.06940371,0.00684262,0.68914956,0.01075269,0.00782014
2019/12/30,中国,CN,湖北省,420000,武汉市,420100,37,0,0,0,37,0.32844575,0.31867058,0.00391007,0.06940371,0.00684262,0.68914956,0.01075269,0.00782014
2019/12/31,中国,CN,湖北省,420000,武汉市,420100,40,0,0,0,40,0.32844575,0.31867058,0.00391007,0.06940371,0.00684262,0.68914956,0.01075269,0.00782014
2020/1/1,中国,CN,湖北省,420000,武汉市,420100,43,0,0,0,43,0.32844575,0.31867058,0.00391007,0.06940371,0.00684262,0.68914956,0.01075269,0.00782014
2020/1/2,中国,CN,湖北省,420000,武汉市,420100,44,0,0,0,44,0.32844575,0.31867058,0.00391007,0.06940371,0.00684262,0.68914956,0.01075269,0.00782014
2020/1/3,中国,CN,湖北省,420000,武汉市,420100,41,0,0,0,41,0.32844575,0.31867058,0.00391007,0.06940371,0.00684262,0.68914956,0.01075269,0.00782014
2020/1/4,中国,CN,湖北省,420000,武汉市,420100,41,0,0,0,41,0.32844575,0.31867058,0.00391007,0.06940371,0.00684262,0.68914956,0.01075269,0.00782014
2020/1/5,中国,CN,湖北省,420000,武汉市,420100,41,0,0,0,41,0.32844575,0.31867058,0.00391007,0.06940371,0.00684262,0.68914956,0.01075269,0.00782014
2020/1/6,中国,CN,湖北省,420000,武汉市,420100,41,0,0,0,41,0.32844575,0.31867058,0.00391007,0.06940371,0.00684262,0.68914956,0.01075269,0.00782014
2020/1/7,中国,CN,湖北省,420000,武汉市,420100,41,0,0,0,41,0.32844575,0.31867058,0.00391007,0.06940371,0.00684262,0.68914956,0.01075269,0.00782014
2020/1/8,中国,CN,湖北省,420000,武汉市,420100,41,0,0,0,41,0.32844575,0.31867058,0.00391007,0.06940371,0.00684262,0.68914956,0.01075269,0.00782014
2020/1/9,中国,CN,湖北省,420000,武汉市,420100,41,0,0,0,41,0.32844575,0.31867058,0.00391007,0.06940371,0.00684262,0.68914956,0.01075269,0.00782014
2020/1/10,中国,CN,湖北省,420000,武汉市,420100,41,0,2,1,38,0.32844575,0.31867058,0.00391007,0.06940371,0.00684262,0.68914956,0.01075269,0.00782014
2020/1/11,中国,CN,湖北省,420000,武汉市,420100,41,0,6,1,34,0.32844575,0.31867058,0.00391007,0.06940371,0.00684262,0.68914956,0.01075269,0.00782014
2020/1/12,中国,CN,湖北省,420000,武汉市,420100,41,0,7,1,33,0.32844575,0.31867058,0.00391007,0.06940371,0.00684262,0.68914956,0.01075269,0.00782014
2020/1/13,中国,CN,湖北省,420000,武汉市,420100,41,0,7,1,33,0.32844575,0.31867058,0.00391007,0.06940371,0.00684262,0.68914956,0.01075269,0.00782014
2020/1/14,中国,CN,湖北省,420000,武汉市,420100,41,0,7,1,33,0.32844575,0.31867058,0.00391007,0.06940371,0.00684262,0.68914956,0.01075269,0.00782014
2020/1/15,中国,CN,湖北省,420000,武汉市,420100,41,0,12,2,27,0.32844575,0.31867058,0.00391007,0.06940371,0.00684262,0.68914956,0.01075269,9.78E-04
2020/1/16,中国,CN,湖北省,420000,武汉市,420100,45,0,15,2,28,0.32844575,0.31867058,0.00391007,0.06940371,0.00684262,0.68914956,0.01075269,9.78E-04
2020/1/17,中国,CN,湖北省,420000,武汉市,420100,62,0,19,2,41,0.32844575,0.31867058,0.00391007,0.06940371,0.00684262,0.68914956,0.01075269,9.78E-04
2020/1/18,中国,CN,湖北省,420000,武汉市,420100,121,0,24,3,94,0.2,0.31867058,0.00391007,0.06940371,0.00684262,0.68914956,0.01075269,9.78E-04
2020/1/19,中国,CN,湖北省,420000,武汉市,420100,198,0,25,4,169,0.2,0.31867058,0.00391007,0.06940371,0.00684262,0.68914956,0.01075269,9.78E-04
2020/1/20,中国,CN,湖北省,420000,武汉市,420100,258,0,25,6,227,0.2,0.31867058,0.00391007,0.06940371,0.00684262,0.68914956,0.01075269,9.78E-04
2020/1/21,中国,CN,湖北省,420000,武汉市,420100,363,0,28,9,326,0.2,0.31867058,0.00391007,0.06940371,0.00684262,0.68914956,0.01075269,9.78E-04
2020/1/22,中国,CN,湖北省,420000,武汉市,420100,425,0,28,17,380,0.2,0.31867058,0.00391007,0.06940371,0.00684262,0.68914956,0.01075269,9.78E-04
2020/1/23,中国,CN,湖北省,420000,武汉市,420100,495,0,31,23,441,0.2,0.31867058,0.00391007,0.06940371,0.00684262,0.68914956,0.01075269,9.78E-04
2020/1/24,中国,CN,湖北省,420000,武汉市,420100,572,0,32,38,502,0.1,1.00E-01,1.08E-02,1.86E-02,1.08E-02,9.90E-01,2.25E-02,9.78E-04
2020/1/25,中国,CN,湖北省,420000,武汉市,420100,618,0,40,45,533,0.1,1.00E-01,1.08E-02,1.86E-02,1.08E-02,9.90E-01,2.25E-02,9.78E-04
2020/1/26,中国,CN,湖北省,420000,武汉市,420100,698,0,42,63,593,0.1,1.00E-01,1.08E-02,1.86E-02,1.08E-02,9.90E-01,2.25E-02,9.78E-04
2020/1/27,中国,CN,湖北省,420000,武汉市,420100,1590,0,47,85,1458,0.1,1.00E-01,1.08E-02,1.86E-02,1.08E-02,9.90E-01,2.25E-02,9.78E-04
2020/1/28,中国,CN,湖北省,420000,武汉市,420100,1905,0,54,104,1747,0.1,1.00E-01,1.08E-02,1.86E-02,1.08E-02,9.90E-01,2.25E-02,9.78E-04
2020/1/29,中国,CN,湖北省,420000,武汉市,420100,2261,0,54,129,2078,0.1,1.00E-01,1.08E-02,1.86E-02,1.08E-02,9.90E-01,2.25E-02,9.78E-04
2020/1/30,中国,CN,湖北省,420000,武汉市,420100,2639,0,103,159,2377,0.1,1.00E-01,1.08E-02,1.86E-02,1.08E-02,9.90E-01,2.25E-02,9.78E-04
2020/1/31,中国,CN,湖北省,420000,武汉市,420100,3215,0,106,192,2917,0.1,1.00E-01,1.08E-02,1.86E-02,1.08E-02,9.90E-01,2.25E-02,9.78E-04
2020/2/1,中国,CN,湖北省,420000,武汉市,420100,4109,0,175,224,3710,5.00E-02,9.87E-02,1.08E-02,1.86E-02,1.08E-02,9.90E-01,2.25E-02,9.78E-04
2020/2/2,中国,CN,湖北省,420000,武汉市,420100,5142,0,228,265,4649,5.00E-02,9.87E-02,1.08E-02,1.86E-02,1.08E-02,9.90E-01,2.25E-02,9.78E-04
2020/2/3,中国,CN,湖北省,420000,武汉市,420100,6384,0,306,313,5765,5.00E-02,9.87E-02,1.08E-02,1.86E-02,1.08E-02,9.90E-01,2.25E-02,9.78E-04
2020/2/4,中国,CN,湖北省,420000,武汉市,420100,8351,0,374,362,7615,5.00E-02,9.87E-02,1.08E-02,1.86E-02,1.08E-02,9.90E-01,2.25E-02,9.78E-04
2020/2/5,中国,CN,湖北省,420000,武汉市,420100,10117,0,455,414,9248,5.00E-02,9.87E-02,1.08E-02,1.86E-02,1.08E-02,9.90E-01,2.25E-02,9.78E-04
2020/2/6,中国,CN,湖北省,420000,武汉市,420100,11618,0,455,478,11140,5.00E-02,9.87E-02,1.08E-02,1.86E-02,1.08E-02,9.90E-01,2.25E-02,9.78E-04
2020/2/7,中国,CN,湖北省,420000,武汉市,420100,11618,0,498,478,10642,5.00E-02,9.87E-02,1.08E-02,1.86E-02,1.08E-02,9.90E-01,2.25E-02,9.78E-04
2020/2/8,中国,CN,湖北省,420000,武汉市,420100,13603,0,662,545,12396,5.00E-02,9.87E-02,1.08E-02,1.86E-02,1.08E-02,9.90E-01,2.25E-02,9.78E-04
2020/2/9,中国,CN,湖北省,420000,武汉市,420100,14982,0,841,608,13533,5.00E-02,9.87E-02,1.08E-02,1.86E-02,1.08E-02,9.90E-01,2.25E-02,9.78E-04
2020/2/10,中国,CN,湖北省,420000,武汉市,420100,16902,0,1044,681,15177,5.00E-02,9.87E-02,1.08E-02,1.86E-02,1.08E-02,9.90E-01,2.25E-02,9.78E-04
2020/2/11,中国,CN,湖北省,420000,武汉市,420100,18454,0,1243,748,16463,5.00E-02,9.87E-02,1.08E-02,1.86E-02,1.08E-02,9.90E-01,2.25E-02,9.78E-04
2020/2/12,中国,CN,湖北省,420000,武汉市,420100,19558,0,1377,820,17361,1,0.2,0,0,0.01270772,0,0.00782014,0.01368524
2020/2/13,中国,CN,湖北省,420000,武汉市,420100,32994,0,1922,1036,30036,1,0.2,0,0,0.01270772,0,0.00782014,0.01368524
2020/2/14,中国,CN,湖北省,420000,武汉市,420100,35991,0,2016,1016,32959,1,0.2,0,0,0.01270772,0,0.00782014,0.01368524
2020/2/15,中国,CN,湖北省,420000,武汉市,420100,37914,0,2602,1123,34189,1,0.2,0,0,0.01270772,0,0.00782014,0.01368524
2020/2/16,中国,CN,湖北省,420000,武汉市,420100,39462,0,2937,1233,35292,1,0.2,0,0,0.01270772,0,0.00782014,0.01368524
2020/2/17,中国,CN,湖北省,420000,武汉市,420100,41152,0,3458,1309,36385,1,0.2,0,0,0.01270772,0,0.00782014,0.01368524
2020/2/18,中国,CN,湖北省,420000,武汉市,420100,42752,0,4253,1381,37118,1,0.2,0,0,0.01270772,0,0.00782014,0.01368524
2020/2/19,中国,CN,湖北省,420000,武汉市,420100,44412,0,4990,1497,37925,1,0.2,0,0,0.01270772,0,0.00782014,0.01368524
2020/2/20,中国,CN,湖北省,420000,武汉市,420100,45027,0,5573,1585,37869,1,0.2,0,0,0.01270772,0,0.00782014,0.01368524
2020/2/21,中国,CN,湖北省,420000,武汉市,420100,45346,0,6280,1684,37382,0.001,0.001,0,0.02,0.05,0.1,0.02,4.00E-04
2020/2/22,中国,CN,湖北省,420000,武汉市,420100,45660,0,7278,1774,36608,0.001,0.001,0,0.02,0.05,0.1,0.02,4.00E-04
2020/2/23,中国,CN,湖北省,420000,武汉市,420100,46201,0,8186,1856,36159,0.001,0.001,0,0.02,0.05,0.1,0.02,4.00E-04
2020/2/24,中国,CN,湖北省,420000,武汉市,420100,46607,0,8950,1987,35670,0.001,0.001,0,0.02,0.05,0.1,0.02,4.00E-04
2020/2/25,中国,CN,湖北省,420000,武汉市,420100,47071,0,10364,2043,34664,0.001,0.001,0,0.02,0.05,0.1,0.02,4.00E-04
2020/2/26,中国,CN,湖北省,420000,武汉市,420100,47441,0,11816,2085,33540,0.001,0.001,0,0.02,0.05,0.1,0.02,4.00E-04
2020/2/27,中国,CN,湖北省,420000,武汉市,420100,47824,0,13474,2104,32246,0.001,0.001,0,0.02,0.05,0.1,0.02,4.00E-04
2020/2/28,中国,CN,湖北省,420000,武汉市,420100,48137,0,15853,2132,30152,0.001,0.001,0,0.02,0.05,0.1,0.02,4.00E-04
2020/2/29,中国,CN,湖北省,420000,武汉市,420100,48557,0,17656,2169,28732,0.001,0.001,0,0.02,0.05,0.1,0.02,4.00E-04
2020/3/1,中国,CN,湖北省,420000,武汉市,420100,49122,0,19534,2195,27393,0.001,0.001,0,0.02,0.05,0.1,0.02,4.00E-04
2020/3/2,中国,CN,湖北省,420000,武汉市,420100,49315,0,21349,2227,25739,0.001,0.001,0,0.02,0.05,0.1,0.02,4.00E-04
2020/3/3,中国,CN,湖北省,420000,武汉市,420100,49426,0,23063,2252,24111,0.001,0.001,0,0.02,0.05,0.1,0.02,4.00E-04
2020/3/4,中国,CN,湖北省,420000,武汉市,420100,49540,0,24892,2282,22366,0.001,0.001,0,0.02,0.05,0.1,0.02,4.00E-04
2020/3/5,中国,CN,湖北省,420000,武汉市,420100,49671,0,26404,2305,20962,0.001,0.001,0,0.02,0.05,0.1,0.02,4.00E-04
2020/3/6,中国,CN,湖北省,420000,武汉市,420100,49797,0,27420,2328,20049,0.001,0.001,0,0.02,0.05,0.1,0.02,4.00E-04
2020/3/7,中国,CN,湖北省,420000,武汉市,420100,49871,0,28563,2349,18959,0.001,0.001,0,0.02,0.05,0.1,0.02,4.00E-04
2020/3/8,中国,CN,湖北省,420000,武汉市,420100,49912,0,29908,2370,17634,0.001,0.001,0,0.02,0.05,0.1,0.02,4.00E-04
2020/3/9,中国,CN,湖北省,420000,武汉市,420100,49948,0,30985,2389,16574,0.001,0.001,0,0.02,0.05,0.1,0.02,4.00E-04
2020/3/10,中国,CN,湖北省,420000,武汉市,420100,49965,0,31974,2404,15587,0.001,0.001,0,0.02,0.05,0.1,0.02,4.00E-04
2020/3/11,中国,CN,湖北省,420000,武汉市,420100,49978,0,33117,2423,14438,0.001,0.001,0,0.02,0.05,0.1,0.02,4.00E-04
2020/3/12,中国,CN,湖北省,420000,武汉市,420100,49986,0,34094,2430,13462,0.001,0.001,0,0.02,0.05,0.1,0.02,4.00E-04
2020/3/13,中国,CN,湖北省,420000,武汉市,420100,49991,0,35197,2436,12358,0.001,0.001,0,0.02,0.05,0.1,0.02,4.00E-04
2020/3/14,中国,CN,湖北省,420000,武汉市,420100,49995,0,36465,2446,11084,0.001,0.001,0,0.02,0.05,0.1,0.02,4.00E-04
2020/3/15,中国,CN,湖北省,420000,武汉市,420100,49999,0,37643,2456,9900,0.001,0.001,0,0.02,0.05,0.1,0.02,4.00E-04
2020/3/16,中国,CN,湖北省,420000,武汉市,420100,50003,0,38424,2469,9110,0.001,0.001,0,0.02,0.05,0.1,0.02,4.00E-04
2020/3/17,中国,CN,湖北省,420000,武汉市,420100,50004,0,39220,2480,8304,0.001,0.001,0,0.02,0.05,0.1,0.02,4.00E-04
2020/3/18,中国,CN,湖北省,420000,武汉市,420100,50005,0,40032,2490,7483,0.001,0.001,0,0.02,0.05,0.1,0.02,4.00E-04
2020/3/19,中国,CN,湖北省,420000,武汉市,420100,50005,0,40765,2496,6744,0.001,0.001,0,0.02,0.05,0.1,0.02,4.00E-04
2020/3/20,中国,CN,湖北省,420000,武汉市,420100,50005,0,41440,2498,6067,0.001,0.001,0,0.02,0.05,0.1,0.02,4.00E-04
2020/3/21,中国,CN,湖北省,420000,武汉市,420100,50005,0,41891,2504,5610,0.001,0.001,0,0.02,0.05,0.1,0.02,4.00E-04
2020/3/22,中国,CN,湖北省,420000,武汉市,420100,50005,0,42354,2508,5143,0.001,0.001,0,0.02,0.05,0.1,0.02,4.00E-04
2020/3/23,中国,CN,湖北省,420000,武汉市,420100,50005,0,42788,2517,4700,0.001,0.001,0,0.02,0.05,0.1,0.02,4.00E-04
2020/3/24,中国,CN,湖北省,420000,武汉市,420100,50006,0,43214,2524,4268,0.001,0.0001,0,0.02,0.5,0.1,0.02,4.00E-04
2020/3/25,中国,CN,湖北省,420000,武汉市,420100,50006,0,43686,2526,3794,0.001,0.0001,0,0.02,0.5,0.1,0.02,4.00E-04
2020/3/26,中国,CN,湖北省,420000,武汉市,420100,50006,0,44068,2531,3407,0.001,0.0001,0,0.02,0.5,0.1,0.02,4.00E-04
2020/3/27,中国,CN,湖北省,420000,武汉市,420100,50006,0,44591,2535,2880,0.001,0.0001,0,0.02,0.5,0.1,0.02,4.00E-04
2020/3/28,中国,CN,湖北省,420000,武汉市,420100,50006,0,44951,2538,2517,0.001,0.0001,0,0.02,0.5,0.1,0.02,4.00E-04
2020/3/29,中国,CN,湖北省,420000,武汉市,420100,50006,0,45418,2543,2045,0.001,0.0001,0,0.02,0.5,0.1,0.02,4.00E-04
2020/3/30,中国,CN,湖北省,420000,武汉市,420100,50006,0,45733,2547,1726,0.001,0.0001,0,0.02,0.5,0.1,0.02,4.00E-04
2020/3/31,中国,CN,湖北省,420000,武汉市,420100,50006,0,46002,2548,1456,0.001,0.0001,0,0.02,0.5,0.1,0.02,4.00E-04
2020/4/1,中国,CN,湖北省,420000,武汉市,420100,50006,0,46175,2553,1278,1,0.9941349,0,1,1,0.75073314,0,0
2020/4/2,中国,CN,湖北省,420000,武汉市,420100,50006,0,46320,2559,1127,1,0.9941349,0,1,1,0.75073314,0,0
2020/4/3,中国,CN,湖北省,420000,武汉市,420100,50006,0,46461,2563,982,1,0.9941349,0,1,1,0.75073314,0,0
2020/4/4,中国,CN,湖北省,420000,武汉市,420100,50007,0,46611,2567,829,1,0.9941349,0,1,1,0.75073314,0,0
2020/4/5,中国,CN,湖北省,420000,武汉市,420100,50007,0,46794,2570,643,1,0.9941349,0,1,1,0.75073314,0,0
2020/4/6,中国,CN,湖北省,420000,武汉市,420100,50007,0,46863,2571,573,1,0.9941349,0,1,1,0.75073314,0,0
2020/4/7,中国,CN,湖北省,420000,武汉市,420100,50007,0,46922,2571,514,1,0.9941349,0,1,1,0.75073314,0,0
2020/4/8,中国,CN,湖北省,420000,武汉市,420100,50007,0,46992,2572,443,1,0.9941349,0,1,1,0.75073314,0,0
2020/4/9,中国,CN,湖北省,420000,武汉市,420100,50007,0,47037,2574,396,1,0.9941349,0,1,1,0.75073314,0,0
2020/4/10,中国,CN,湖北省,420000,武汉市,420100,50007,0,47085,2575,347,1,0.9941349,0,1,1,0.75073314,0,0
2020/4/11,中国,CN,湖北省,420000,武汉市,420100,50007,0,47112,2577,318,1,0.9941349,0,1,1,0.75073314,0,0
2020/4/12,中国,CN,湖北省,420000,武汉市,420100,50007,0,47129,2577,301,1,0.9941349,0,1,1,0.75073314,0,0
2020/4/13,中国,CN,湖北省,420000,武汉市,420100,50007,0,47186,2579,242,1,0.9941349,0,1,1,0.75073314,0,0
2020/4/14,中国,CN,湖北省,420000,武汉市,420100,50007,0,47211,2579,217,1,0.9941349,0,1,1,0.75073314,0,0
2020/4/15,中国,CN,湖北省,420000,武汉市,420100,50007,0,47250,2579,178,1,0.9941349,0,1,1,0.75073314,0,0
2020/4/16,中国,CN,湖北省,420000,武汉市,420100,50007,0,47283,2579,145,1,0.9941349,0,1,1,0.75073314,0,0
2020/4/17,中国,CN,湖北省,420000,武汉市,420100,50333,0,46335,3869,129,1,0.9941349,0,1,1,0.75073314,0,0
2020/4/18,中国,CN,湖北省,420000,武汉市,420100,50333,0,46342,3869,122,1,0.9941349,0,1,1,0.75073314,0,0
2020/4/19,中国,CN,湖北省,420000,武汉市,420100,50333,0,46355,3869,109,1,0.9941349,0,1,1,0.75073314,0,0
2020/4/20,中国,CN,湖北省,420000,武汉市,420100,50333,0,46359,3869,105,1,0.9941349,0,1,1,0.75073314,0,0
2020/4/21,中国,CN,湖北省,420000,武汉市,420100,50333,0,46362,3869,102,1,0.9941349,0,1,1,0.75073314,0,0
2020/4/22,中国,CN,湖北省,420000,武汉市,420100,50333,0,46367,3869,97,1,0.9941349,0,1,1,0.75073314,0,0
2020/4/23,中国,CN,湖北省,420000,武汉市,420100,50333,0,46395,3869,69,1,0.9941349,0,1,1,0.75073314,0,0
2020/4/24,中国,CN,湖北省,420000,武汉市,420100,50333,0,46417,3869,47,1,0.9941349,0,1,1,0.75073314,0,0
2020/4/25,中国,CN,湖北省,420000,武汉市,420100,50333,0,46441,3869,23,1,0.9941349,0,1,1,0.75073314,0,0
2020/4/26,中国,CN,湖北省,420000,武汉市,420100,50333,0,46464,3869,0,1,0.9941349,0,1,1,0.75073314,0,0
2020/4/27,中国,CN,湖北省,420000,武汉市,420100,50333,0,46464,3869,0,1,0.9941349,0,1,1,0.75073314,0,0
2020/4/28,中国,CN,湖北省,420000,武汉市,420100,50333,0,46464,3869,0,1,0.9941349,0,1,1,0.75073314,0,0
2020/4/29,中国,CN,湖北省,420000,武汉市,420100,50333,0,46464,3869,0,1,0.9941349,0,1,1,0.75073314,0,0
2020/4/30,中国,CN,湖北省,420000,武汉市,420100,50333,0,46464,3869,0,1,0.9941349,0,1,1,0.75073314,0,0
2020/5/1,中国,CN,湖北省,420000,武汉市,420100,50333,0,46464,3869,0,1,0.9941349,0,1,1,0.75073314,0,0
2020/5/2,中国,CN,湖北省,420000,武汉市,420100,50333,0,46464,3869,0,1,0.9941349,0,1,1,0.75073314,0,0
2020/5/3,中国,CN,湖北省,420000,武汉市,420100,50333,0,46464,3869,0,1,0.9941349,0,1,1,0.75073314,0,0
2020/5/4,中国,CN,湖北省,420000,武汉市,420100,50333,0,46464,3869,0,1,0.9941349,0,1,1,0.75073314,0,0
2020/5/5,中国,CN,湖北省,420000,武汉市,420100,50333,0,46464,3869,0,1,0.9941349,0,1,1,0.75073314,0,0
2020/5/6,中国,CN,湖北省,420000,武汉市,420100,50333,0,46464,3869,0,1,0.9941349,0,1,1,0.75073314,0,0
2020/5/7,中国,CN,湖北省,420000,武汉市,420100,50333,0,46464,3869,0,1,0.9941349,0,1,1,0.75073314,0,0
2020/5/8,中国,CN,湖北省,420000,武汉市,420100,50333,0,46464,3869,0,1,0.9941349,0,1,1,0.75073314,0,0
2020/5/9,中国,CN,湖北省,420000,武汉市,420100,50333,0,46464,3869,0,1,0.9941349,0,1,1,0.75073314,0,0
2020/5/10,中国,CN,湖北省,420000,武汉市,420100,50334,0,46464,3869,1,1,0.9941349,0,1,1,0.75073314,0,0
2020/5/11,中国,CN,湖北省,420000,武汉市,420100,50339,0,46464,3869,6,1,0.9941349,0,1,1,0.75073314,0,0
2020/5/12,中国,CN,湖北省,420000,武汉市,420100,50339,0,46464,3869,6,1,0.9941349,0,1,1,0.75073314,0,0
2020/5/13,中国,CN,湖北省,420000,武汉市,420100,50339,0,46464,3869,6,1,0.9941349,0,1,1,0.75073314,0,0
2020/5/14,中国,CN,湖北省,420000,武汉市,420100,50339,0,46464,3869,6,1,0.9941349,0,1,1,0.75073314,0,0
2020/5/15,中国,CN,湖北省,420000,武汉市,420100,50339,0,46464,3869,6,1,0.9941349,0,1,1,0.75073314,0,0
2020/5/16,中国,CN,湖北省,420000,武汉市,420100,50339,0,46464,3869,6,1,0.9941349,0,1,1,0.75073314,0,0
2020/5/17,中国,CN,湖北省,420000,武汉市,420100,50339,0,46464,3869,6,1,0.9941349,0,1,1,0.75073314,0,0
2020/5/18,中国,CN,湖北省,420000,武汉市,420100,50339,0,46464,3869,6,1,0.9941349,0,1,1,0.75073314,0,0
2020/5/19,中国,CN,湖北省,420000,武汉市,420100,50340,0,46464,3869,7,1,0.9941349,0,1,1,0.75073314,0,0
2020/5/20,中国,CN,湖北省,420000,武汉市,420100,50340,0,46464,3869,7,1,0.9941349,0,1,1,0.75073314,0,0
2020/5/21,中国,CN,湖北省,420000,武汉市,420100,50340,0,46464,3869,7,1,0.9941349,0,1,1,0.75073314,0,0
2020/5/22,中国,CN,湖北省,420000,武汉市,420100,50340,0,46464,3869,7,1,0.9941349,0,1,1,0.75073314,0,0
2020/5/23,中国,CN,湖北省,420000,武汉市,420100,50340,0,46464,3869,7,1,0.9941349,0,1,1,0.75073314,0,0
2020/5/24,中国,CN,湖北省,420000,武汉市,420100,50340,0,46464,3869,7,1,0.9941349,0,1,1,0.75073314,0,0
2020/5/25,中国,CN,湖北省,420000,武汉市,420100,50340,0,46465,3869,6,1,0.9941349,0,1,1,0.75073314,0,0
2020/5/26,中国,CN,湖北省,420000,武汉市,420100,50340,0,46465,3869,6,1,0.9941349,0,1,1,0.75073314,0,0
2020/5/27,中国,CN,湖北省,420000,武汉市,420100,50340,0,46466,3869,5,1,0.9941349,0,1,1,0.75073314,0,0
2020/5/28,中国,CN,湖北省,420000,武汉市,420100,50340,0,46466,3869,5,1,0.9941349,0,1,1,0.75073314,0,0
2020/5/29,中国,CN,湖北省,420000,武汉市,420100,50340,0,46466,3869,5,1,0.9941349,0,1,1,0.75073314,0,0
2020/5/30,中国,CN,湖北省,420000,武汉市,420100,50340,0,46466,3869,5,1,0.9941349,0,1,1,0.75073314,0,0
2020/5/31,中国,CN,湖北省,420000,武汉市,420100,50340,0,46467,3869,4,1,0.9941349,0,1,1,0.75073314,0,0
2020/6/1,中国,CN,湖北省,420000,武汉市,420100,50340,0,46468,3869,3,1,0.9941349,0,1,1,0.75073314,0,0
2020/6/2,中国,CN,湖北省,420000,武汉市,420100,50340,0,46468,3869,3,1,0.9941349,0,1,1,0.75073314,0,0
2020/6/3,中国,CN,湖北省,420000,武汉市,420100,50340,0,46468,3869,3,1,0.9941349,0,1,1,0.75073314,0,0
2020/6/4,中国,CN,湖北省,420000,武汉市,420100,50340,0,46468,3869,3,1,0.9941349,0,1,1,0.75073314,0,0
2020/6/5,中国,CN,湖北省,420000,武汉市,420100,50340,0,46471,3869,0,1,0.9941349,0,1,1,0.75073314,0,0
2020/6/6,中国,CN,湖北省,420000,武汉市,420100,50340,0,46471,3869,0,1,0.9941349,0,1,1,0.75073314,0,0
2020/6/7,中国,CN,湖北省,420000,武汉市,420100,50340,0,46471,3869,0,1,0.9941349,0,1,1,0.75073314,0,0
2020/6/8,中国,CN,湖北省,420000,武汉市,420100,50340,0,46471,3869,0,1,0.9941349,0,1,1,0.75073314,0,0
2020/6/9,中国,CN,湖北省,420000,武汉市,420100,50340,0,46471,3869,0,1,0.9941349,0,1,1,0.75073314,0,0
2020/6/10,中国,CN,湖北省,420000,武汉市,420100,50340,0,46471,3869,0,1,0.9941349,0,1,1,0.75073314,0,0
2020/6/11,中国,CN,湖北省,420000,武汉市,420100,50340,0,46471,3869,0,1,0.9941349,0,1,1,0.75073314,0,0
2020/6/12,中国,CN,湖北省,420000,武汉市,420100,50340,0,46471,3869,0,1,0.9941349,0,1,1,0.75073314,0,0
2020/6/13,中国,CN,湖北省,420000,武汉市,420100,50340,0,46471,3869,0,1,0.9941349,0,1,1,0.75073314,0,0
2020/6/14,中国,CN,湖北省,420000,武汉市,420100,50340,0,46471,3869,0,1,0.9941349,0,1,1,0.75073314,0,0
2020/6/15,中国,CN,湖北省,420000,武汉市,420100,50340,0,46471,3869,0,1,0.9941349,0,1,1,0.75073314,0,0
2020/6/16,中国,CN,湖北省,420000,武汉市,420100,50340,0,46471,3869,0,1,0.9941349,0,1,1,0.75073314,0,0
2020/6/17,中国,CN,湖北省,420000,武汉市,420100,50340,0,46471,3869,0,1,0.9941349,0,1,1,0.75073314,0,0
2020/6/18,中国,CN,湖北省,420000,武汉市,420100,50340,0,46471,3869,0,1,0.9941349,0,1,1,0.75073314,0,0
2020/6/19,中国,CN,湖北省,420000,武汉市,420100,50340,0,46471,3869,0,1,0.9941349,0,1,1,0.75073314,0,0
2020/6/20,中国,CN,湖北省,420000,武汉市,420100,50340,0,46471,3869,0,1,0.9941349,0,1,1,0.75073314,0,0
2020/6/21,中国,CN,湖北省,420000,武汉市,420100,50340,0,46471,3869,0,1,0.9941349,0,1,1,0.75073314,0,0
2020/6/22,中国,CN,湖北省,420000,武汉市,420100,50340,0,46471,3869,0,1,0.9941349,0,1,1,0.75073314,0,0
2020/6/23,中国,CN,湖北省,420000,武汉市,420100,50340,0,46471,3869,0,1,0.9941349,0,1,1,0.75073314,0,0
2020/6/24,中国,CN,湖北省,420000,武汉市,420100,50340,0,46471,3869,0,1,0.9941349,0,1,1,0.75073314,0,0
2020/6/25,中国,CN,湖北省,420000,武汉市,420100,50340,0,46471,3869,0,1,0.9941349,0,1,1,0.75073314,0,0
2020/6/26,中国,CN,湖北省,420000,武汉市,420100,50340,0,46471,3869,0,1,0.9941349,0,1,1,0.75073314,0,0
2020/6/27,中国,CN,湖北省,420000,武汉市,420100,50340,0,46471,3869,0,1,0.9941349,0,1,1,0.75073314,0,0
2020/6/28,中国,CN,湖北省,420000,武汉市,420100,50340,0,46471,3869,0,1,0.9941349,0,1,1,0.75073314,0,0
2020/6/29,中国,CN,湖北省,420000,武汉市,420100,50340,0,46471,3869,0,1,0.9941349,0,1,1,0.75073314,0,0
2020/6/30,中国,CN,湖北省,420000,武汉市,420100,50340,0,46471,3869,0,1,0.9941349,0,1,1,0.75073314,0,0
2020/7/1,中国,CN,湖北省,420000,武汉市,420100,50340,0,46471,3869,0,1,0.9941349,0,1,1,0.75073314,0,0
2020/7/2,中国,CN,湖北省,420000,武汉市,420100,50340,0,46471,3869,0,1,0.9941349,0,1,1,0.75073314,0,0
2020/7/3,中国,CN,湖北省,420000,武汉市,420100,50340,0,46471,3869,0,1,0.9941349,0,1,1,0.75073314,0,0
2020/7/4,中国,CN,湖北省,420000,武汉市,420100,50340,0,46471,3869,0,1,0.9941349,0,1,1,0.75073314,0,0
2020/7/5,中国,CN,湖北省,420000,武汉市,420100,50340,0,46471,3869,0,1,0.9941349,0,1,1,0.75073314,0,0
2020/7/6,中国,CN,湖北省,420000,武汉市,420100,50340,0,46471,3869,0,1,0.9941349,0,1,1,0.75073314,0,0
2020/7/7,中国,CN,湖北省,420000,武汉市,420100,50340,0,46471,3869,0,1,0.9941349,0,1,1,0.75073314,0,0
2020/7/8,中国,CN,湖北省,420000,武汉市,420100,50340,0,46471,3869,0,1,0.9941349,0,1,1,0.75073314,0,0
2020/7/9,中国,CN,湖北省,420000,武汉市,420100,50340,0,46471,3869,0,1,0.9941349,0,1,1,0.75073314,0,0
2020/7/10,中国,CN,湖北省,420000,武汉市,420100,50340,0,46471,3869,0,1,0.9941349,0,1,1,0.75073314,0,0
2020/7/11,中国,CN,湖北省,420000,武汉市,420100,50340,0,46471,3869,0,1,0.9941349,0,1,1,0.75073314,0,0
2020/7/12,中国,CN,湖北省,420000,武汉市,420100,50340,0,46471,3869,0,1,0.9941349,0,1,1,0.75073314,0,0
2020/7/13,中国,CN,湖北省,420000,武汉市,420100,50340,0,46471,3869,0,1,0.9941349,0,1,1,0.75073314,0,0
2020/7/14,中国,CN,湖北省,420000,武汉市,420100,50340,0,46471,3869,0,1,0.9941349,0,1,1,0.75073314,0,0
2020/7/15,中国,CN,湖北省,420000,武汉市,420100,50340,0,46471,3869,0,1,0.9941349,0,1,1,0.75073314,0,0
2020/7/16,中国,CN,湖北省,420000,武汉市,420100,50340,0,46471,3869,0,1,0.9941349,0,1,1,0.75073314,0,0
2020/7/17,中国,CN,湖北省,420000,武汉市,420100,50340,0,46471,3869,0,1,0.9941349,0,1,1,0.75073314,0,0
2020/7/18,中国,CN,湖北省,420000,武汉市,420100,50340,0,46471,3869,0,1,0.9941349,0,1,1,0.75073314,0,0
2020/7/19,中国,CN,湖北省,420000,武汉市,420100,50340,0,46471,3869,0,1,0.9941349,0,1,1,0.75073314,0,0
2020/7/20,中国,CN,湖北省,420000,武汉市,420100,50340,0,46471,3869,0,1,0.9941349,0,1,1,0.75073314,0,0
2020/7/21,中国,CN,湖北省,420000,武汉市,420100,50340,0,46471,3869,0,1,0.9941349,0,1,1,0.75073314,0,0
2020/7/22,中国,CN,湖北省,420000,武汉市,420100,50340,0,46471,3869,0,1,0.9941349,0,1,1,0.75073314,0,0
2020/7/23,中国,CN,湖北省,420000,武汉市,420100,50340,0,46471,3869,0,1,0.9941349,0,1,1,0.75073314,0,0
2020/7/24,中国,CN,湖北省,420000,武汉市,420100,50340,0,46471,3869,0,1,0.9941349,0,1,1,0.75073314,0,0
2020/7/25,中国,CN,湖北省,420000,武汉市,420100,50340,0,46471,3869,0,1,0.9941349,0,1,1,0.75073314,0,0
2020/7/26,中国,CN,湖北省,420000,武汉市,420100,50340,0,46471,3869,0,1,0.9941349,0,1,1,0.75073314,0,0
2020/7/27,中国,CN,湖北省,420000,武汉市,420100,50340,0,46471,3869,0,1,0.9941349,0,1,1,0.75073314,0,0
2020/7/28,中国,CN,湖北省,420000,武汉市,420100,50340,0,46471,3869,0,1,0.9941349,0,1,1,0.75073314,0,0
2020/7/29,中国,CN,湖北省,420000,武汉市,420100,50340,0,46471,3869,0,1,0.9941349,0,1,1,0.75073314,0,0
2020/7/30,中国,CN,湖北省,420000,武汉市,420100,50340,0,46471,3869,0,1,0.9941349,0,1,1,0.75073314,0,0
2020/7/31,中国,CN,湖北省,420000,武汉市,420100,50340,0,46471,3869,0,1,0.9941349,0,1,1,0.75073314,0,0
2020/8/1,中国,CN,湖北省,420000,武汉市,420100,50340,0,46471,3869,0,1,0.9941349,0,1,1,0.75073314,0,0
2020/8/2,中国,CN,湖北省,420000,武汉市,420100,50340,0,46471,3869,0,1,0.9941349,0,1,1,0.75073314,0,0
2020/8/3,中国,CN,湖北省,420000,武汉市,420100,50340,0,46471,3869,0,1,0.9941349,0,1,1,0.75073314,0,0
2020/8/4,中国,CN,湖北省,420000,武汉市,420100,50340,0,46471,3869,0,1,0.9941349,0,1,1,0.75073314,0,0
2020/8/5,中国,CN,湖北省,420000,武汉市,420100,50340,0,46471,3869,0,1,0.9941349,0,1,1,0.75073314,0,0
2020/8/6,中国,CN,湖北省,420000,武汉市,420100,50340,0,46471,3869,0,1,0.9941349,0,1,1,0.75073314,0,0
2020/8/7,中国,CN,湖北省,420000,武汉市,420100,50340,0,46471,3869,0,1,0.9941349,0,1,1,0.75073314,0,0
2020/8/8,中国,CN,湖北省,420000,武汉市,420100,50340,0,46471,3869,0,1,0.9941349,0,1,1,0.75073314,0,0
2020/8/9,中国,CN,湖北省,420000,武汉市,420100,50340,0,46471,3869,0,1,0.9941349,0,1,1,0.75073314,0,0
2020/8/10,中国,CN,湖北省,420000,武汉市,420100,50340,0,46471,3869,0,1,0.9941349,0,1,1,0.75073314,0,0
2020/8/11,中国,CN,湖北省,420000,武汉市,420100,50340,0,46471,3869,0,1,0.9941349,0,1,1,0.75073314,0,0
2020/8/12,中国,CN,湖北省,420000,武汉市,420100,50340,0,46471,3869,0,1,0.9941349,0,1,1,0.75073314,0,0
2020/8/13,中国,CN,湖北省,420000,武汉市,420100,50340,0,46471,3869,0,1,0.9941349,0,1,1,0.75073314,0,0
2020/8/14,中国,CN,湖北省,420000,武汉市,420100,50340,0,46471,3869,0,1,0.9941349,0,1,1,0.75073314,0,0
2020/8/15,中国,CN,湖北省,420000,武汉市,420100,50340,0,46471,3869,0,1,0.9941349,0,1,1,0.75073314,0,0
2020/8/16,中国,CN,湖北省,420000,武汉市,420100,50340,0,46471,3869,0,1,0.9941349,0,1,1,0.75073314,0,0
2020/8/17,中国,CN,湖北省,420000,武汉市,420100,50340,0,46471,3869,0,1,0.9941349,0,1,1,0.75073314,0,0
2020/8/18,中国,CN,湖北省,420000,武汉市,420100,50340,0,46471,3869,0,1,0.9941349,0,1,1,0.75073314,0,0
2020/8/19,中国,CN,湖北省,420000,武汉市,420100,50340,0,46471,3869,0,1,0.9941349,0,1,1,0.75073314,0,0
2020/8/20,中国,CN,湖北省,420000,武汉市,420100,50340,0,46471,3869,0,1,0.9941349,0,1,1,0.75073314,0,0
2020/8/21,中国,CN,湖北省,420000,武汉市,420100,50340,0,46471,3869,0,1,0.9941349,0,1,1,0.75073314,0,0
2020/8/22,中国,CN,湖北省,420000,武汉市,420100,50340,0,46471,3869,0,1,0.9941349,0,1,1,0.75073314,0,0
2020/8/23,中国,CN,湖北省,420000,武汉市,420100,50340,0,46471,3869,0,1,0.9941349,0,1,1,0.75073314,0,0
2020/8/24,中国,CN,湖北省,420000,武汉市,420100,50340,0,46471,3869,0,1,0.9941349,0,1,1,0.75073314,0,0
2020/8/25,中国,CN,湖北省,420000,武汉市,420100,50340,0,46471,3869,0,1,0.9941349,0,1,1,0.75073314,0,0
2020/8/26,中国,CN,湖北省,420000,武汉市,420100,50340,0,46471,3869,0,1,0.9941349,0,1,1,0.75073314,0,0
2020/8/27,中国,CN,湖北省,420000,武汉市,420100,50340,0,46471,3869,0,1,0.9941349,0,1,1,0.75073314,0,0
2020/8/28,中国,CN,湖北省,420000,武汉市,420100,50340,0,46471,3869,0,1,0.9941349,0,1,1,0.75073314,0,0
2020/8/29,中国,CN,湖北省,420000,武汉市,420100,50340,0,46471,3869,0,1,0.9941349,0,1,1,0.75073314,0,0
2020/8/30,中国,CN,湖北省,420000,武汉市,420100,50340,0,46471,3869,0,1,0.9941349,0,1,1,0.75073314,0,0
2020/8/31,中国,CN,湖北省,420000,武汉市,420100,50340,0,46471,3869,0,1,0.9941349,0,1,1,0.75073314,0,0
2020/9/1,中国,CN,湖北省,420000,武汉市,420100,50340,0,46471,3869,0,1,0.9941349,0,1,1,0.75073314,0,0
2020/9/2,中国,CN,湖北省,420000,武汉市,420100,50340,0,46471,3869,0,1,0.9941349,0,1,1,0.75073314,0,0
2020/9/3,中国,CN,湖北省,420000,武汉市,420100,50340,0,46471,3869,0,1,0.9941349,0,1,1,0.75073314,0,0
2020/9/4,中国,CN,湖北省,420000,武汉市,420100,50340,0,46471,3869,0,1,0.9941349,0,1,1,0.75073314,0,0
2020/9/5,中国,CN,湖北省,420000,武汉市,420100,50340,0,46471,3869,0,1,0.9941349,0,1,1,0.75073314,0,0
2020/9/6,中国,CN,湖北省,420000,武汉市,420100,50340,0,46471,3869,0,1,0.9941349,0,1,1,0.75073314,0,0
2020/9/7,中国,CN,湖北省,420000,武汉市,420100,50340,0,46471,3869,0,1,0.9941349,0,1,1,0.75073314,0,0
2020/9/8,中国,CN,湖北省,420000,武汉市,420100,50340,0,46471,3869,0,1,0.9941349,0,1,1,0.75073314,0,0
2020/9/9,中国,CN,湖北省,420000,武汉市,420100,50340,0,46471,3869,0,1,0.9941349,0,1,1,0.75073314,0,0
2020/9/10,中国,CN,湖北省,420000,武汉市,420100,50340,0,46471,3869,0,1,0.9941349,0,1,1,0.75073314,0,0
2020/9/11,中国,CN,湖北省,420000,武汉市,420100,50340,0,46471,3869,0,1,0.9941349,0,1,1,0.75073314,0,0
2020/9/12,中国,CN,湖北省,420000,武汉市,420100,50340,0,46471,3869,0,1,0.9941349,0,1,1,0.75073314,0,0
2020/9/13,中国,CN,湖北省,420000,武汉市,420100,50340,0,46471,3869,0,1,0.9941349,0,1,1,0.75073314,0,0
2020/9/14,中国,CN,湖北省,420000,武汉市,420100,50340,0,46471,3869,0,1,0.9941349,0,1,1,0.75073314,0,0
2020/9/15,中国,CN,湖北省,420000,武汉市,420100,50340,0,46471,3869,0,1,0.9941349,0,1,1,0.75073314,0,0
2020/9/16,中国,CN,湖北省,420000,武汉市,420100,50340,0,46471,3869,0,1,0.9941349,0,1,1,0.75073314,0,0
2020/9/17,中国,CN,湖北省,420000,武汉市,420100,50340,0,46471,3869,0,1,0.9941349,0,1,1,0.75073314,0,0
2020/9/18,中国,CN,湖北省,420000,武汉市,420100,50340,0,46471,3869,0,1,0.9941349,0,1,1,0.75073314,0,0
2020/9/19,中国,CN,湖北省,420000,武汉市,420100,50340,0,46471,3869,0,1,0.9941349,0,1,1,0.75073314,0,0
2020/9/20,中国,CN,湖北省,420000,武汉市,420100,50340,0,46471,3869,0,1,0.9941349,0,1,1,0.75073314,0,0
2020/9/21,中国,CN,湖北省,420000,武汉市,420100,50340,0,46471,3869,0,1,0.9941349,0,1,1,0.75073314,0,0
2020/9/22,中国,CN,湖北省,420000,武汉市,420100,50340,0,46471,3869,0,1,0.9941349,0,1,1,0.75073314,0,0
2020/9/23,中国,CN,湖北省,420000,武汉市,420100,50340,0,46471,3869,0,1,0.9941349,0,1,1,0.75073314,0,0
2020/9/24,中国,CN,湖北省,420000,武汉市,420100,50340,0,46471,3869,0,1,0.9941349,0,1,1,0.75073314,0,0
2020/9/25,中国,CN,湖北省,420000,武汉市,420100,50340,0,46471,3869,0,1,0.9941349,0,1,1,0.75073314,0,0
2020/9/26,中国,CN,湖北省,420000,武汉市,420100,50340,0,46471,3869,0,1,0.9941349,0,1,1,0.75073314,0,0
2020/9/27,中国,CN,湖北省,420000,武汉市,420100,50340,0,46471,3869,0,1,0.9941349,0,1,1,0.75073314,0,0
2020/9/28,中国,CN,湖北省,420000,武汉市,420100,50340,0,46471,3869,0,1,0.9941349,0,1,1,0.75073314,0,0
2020/9/29,中国,CN,湖北省,420000,武汉市,420100,50340,0,46471,3869,0,1,0.9941349,0,1,1,0.75073314,0,0
2020/9/30,中国,CN,湖北省,420000,武汉市,420100,50340,0,46471,3869,0,1,0.9941349,0,1,1,0.75073314,0,0
2020/10/1,中国,CN,湖北省,420000,武汉市,420100,50340,0,46471,3869,0,1,0.9941349,0,1,1,0.75073314,0,0
2020/10/2,中国,CN,湖北省,420000,武汉市,420100,50340,0,46471,3869,0,1,0.9941349,0,1,1,0.75073314,0,0
2020/10/3,中国,CN,湖北省,420000,武汉市,420100,50340,0,46471,3869,0,1,0.9941349,0,1,1,0.75073314,0,0
2020/10/4,中国,CN,湖北省,420000,武汉市,420100,50340,0,46471,3869,0,1,0.9941349,0,1,1,0.75073314,0,0
2020/10/5,中国,CN,湖北省,420000,武汉市,420100,50340,0,46471,3869,0,1,0.9941349,0,1,1,0.75073314,0,0
2020/10/6,中国,CN,湖北省,420000,武汉市,420100,50340,0,46471,3869,0,1,0.9941349,0,1,1,0.75073314,0,0
2020/10/7,中国,CN,湖北省,420000,武汉市,420100,50340,0,46471,3869,0,1,0.9941349,0,1,1,0.75073314,0,0
2020/10/8,中国,CN,湖北省,420000,武汉市,420100,50340,0,46471,3869,0,1,0.9941349,0,1,1,0.75073314,0,0
2020/10/9,中国,CN,湖北省,420000,武汉市,420100,50340,0,46471,3869,0,1,0.9941349,0,1,1,0.75073314,0,0
2020/10/10,中国,CN,湖北省,420000,武汉市,420100,50340,0,46471,3869,0,1,0.9941349,0,1,1,0.75073314,0,0
2020/10/11,中国,CN,湖北省,420000,武汉市,420100,50340,0,46471,3869,0,1,0.9941349,0,1,1,0.75073314,0,0
2020/10/12,中国,CN,湖北省,420000,武汉市,420100,50340,0,46471,3869,0,1,0.9941349,0,1,1,0.75073314,0,0
2020/10/13,中国,CN,湖北省,420000,武汉市,420100,50340,0,46471,3869,0,1,0.9941349,0,1,1,0.75073314,0,0
2020/10/14,中国,CN,湖北省,420000,武汉市,420100,50340,0,46471,3869,0,1,0.9941349,0,1,1,0.75073314,0,0
2020/10/15,中国,CN,湖北省,420000,武汉市,420100,50340,0,46471,3869,0,1,0.9941349,0,1,1,0.75073314,0,0
2020/10/16,中国,CN,湖北省,420000,武汉市,420100,50340,0,46471,3869,0,1,0.9941349,0,1,1,0.75073314,0,0
2020/10/17,中国,CN,湖北省,420000,武汉市,420100,50340,0,46471,3869,0,1,0.9941349,0,1,1,0.75073314,0,0
2020/10/18,中国,CN,湖北省,420000,武汉市,420100,50340,0,46471,3869,0,1,0.9941349,0,1,1,0.75073314,0,0
2020/10/19,中国,CN,湖北省,420000,武汉市,420100,50340,0,46471,3869,0,1,0.9941349,0,1,1,0.75073314,0,0
2020/10/20,中国,CN,湖北省,420000,武汉市,420100,50340,0,46471,3869,0,1,0.9941349,0,1,1,0.75073314,0,0
2020/10/21,中国,CN,湖北省,420000,武汉市,420100,50340,0,46471,3869,0,1,0.9941349,0,1,1,0.75073314,0,0
2020/10/22,中国,CN,湖北省,420000,武汉市,420100,50340,0,46471,3869,0,1,0.9941349,0,1,1,0.75073314,0,0
2020/10/23,中国,CN,湖北省,420000,武汉市,420100,50340,0,46471,3869,0,1,0.9941349,0,1,1,0.75073314,0,0
2020/10/24,中国,CN,湖北省,420000,武汉市,420100,50340,0,46471,3869,0,1,0.9941349,0,1,1,0.75073314,0,0
2020/10/25,中国,CN,湖北省,420000,武汉市,420100,50340,0,46471,3869,0,1,0.9941349,0,1,1,0.75073314,0,0
2020/10/26,中国,CN,湖北省,420000,武汉市,420100,50340,0,46471,3869,0,1,0.9941349,0,1,1,0.75073314,0,0
2020/10/27,中国,CN,湖北省,420000,武汉市,420100,50340,0,46471,3869,0,1,0.9941349,0,1,1,0.75073314,0,0
2020/10/28,中国,CN,湖北省,420000,武汉市,420100,50340,0,46471,3869,0,1,0.9941349,0,1,1,0.75073314,0,0
2020/10/29,中国,CN,湖北省,420000,武汉市,420100,50340,0,46471,3869,0,1,0.9941349,0,1,1,0.75073314,0,0
2020/10/30,中国,CN,湖北省,420000,武汉市,420100,50340,0,46471,3869,0,1,0.9941349,0,1,1,0.75073314,0,0
2020/10/31,中国,CN,湖北省,420000,武汉市,420100,50340,0,46471,3869,0,1,0.9941349,0,1,1,0.75073314,0,0
2020/11/1,中国,CN,湖北省,420000,武汉市,420100,50340,0,46471,3869,0,1,0.9941349,0,1,1,0.75073314,0,0
2020/11/2,中国,CN,湖北省,420000,武汉市,420100,50340,0,46471,3869,0,1,0.9941349,0,1,1,0.75073314,0,0
2020/11/3,中国,CN,湖北省,420000,武汉市,420100,50340,0,46471,3869,0,1,0.9941349,0,1,1,0.75073314,0,0
2020/11/4,中国,CN,湖北省,420000,武汉市,420100,50340,0,46471,3869,0,1,0.9941349,0,1,1,0.75073314,0,0
2020/11/5,中国,CN,湖北省,420000,武汉市,420100,50340,0,46471,3869,0,1,0.9941349,0,1,1,0.75073314,0,0
2020/11/6,中国,CN,湖北省,420000,武汉市,420100,50340,0,46471,3869,0,1,0.9941349,0,1,1,0.75073314,0,0
2020/11/7,中国,CN,湖北省,420000,武汉市,420100,50340,0,46471,3869,0,1,0.9941349,0,1,1,0.75073314,0,0
2020/11/8,中国,CN,湖北省,420000,武汉市,420100,50340,0,46471,3869,0,1,0.9941349,0,1,1,0.75073314,0,0
2020/11/9,中国,CN,湖北省,420000,武汉市,420100,50340,0,46471,3869,0,1,0.9941349,0,1,1,0.75073314,0,0
2020/11/10,中国,CN,湖北省,420000,武汉市,420100,50340,0,46471,3869,0,1,0.9941349,0,1,1,0.75073314,0,0
2020/11/11,中国,CN,湖北省,420000,武汉市,420100,50340,0,46471,3869,0,1,0.9941349,0,1,1,0.75073314,0,0
2020/11/12,中国,CN,湖北省,420000,武汉市,420100,50340,0,46471,3869,0,1,0.9941349,0,1,1,0.75073314,0,0
2020/11/13,中国,CN,湖北省,420000,武汉市,420100,50340,0,46471,3869,0,1,0.9941349,0,1,1,0.75073314,0,0
2020/11/14,中国,CN,湖北省,420000,武汉市,420100,50340,0,46471,3869,0,1,0.9941349,0,1,1,0.75073314,0,0
2020/11/15,中国,CN,湖北省,420000,武汉市,420100,50340,0,46471,3869,0,1,0.9941349,0,1,1,0.75073314,0,0
2020/11/16,中国,CN,湖北省,420000,武汉市,420100,50340,0,46471,3869,0,1,0.9941349,0,1,1,0.75073314,0,0
2020/11/17,中国,CN,湖北省,420000,武汉市,420100,50340,0,46471,3869,0,1,0.9941349,0,1,1,0.75073314,0,0
2020/11/18,中国,CN,湖北省,420000,武汉市,420100,50340,0,46471,3869,0,1,0.9941349,0,1,1,0.75073314,0,0
2020/11/19,中国,CN,湖北省,420000,武汉市,420100,50340,0,46471,3869,0,1,0.9941349,0,1,1,0.75073314,0,0
2020/11/20,中国,CN,湖北省,420000,武汉市,420100,50340,0,46471,3869,0,1,0.9941349,0,1,1,0.75073314,0,0
2020/11/21,中国,CN,湖北省,420000,武汉市,420100,50340,0,46471,3869,0,1,0.9941349,0,1,1,0.75073314,0,0
2020/11/22,中国,CN,湖北省,420000,武汉市,420100,50340,0,46471,3869,0,1,0.9941349,0,1,1,0.75073314,0,0
2020/11/23,中国,CN,湖北省,420000,武汉市,420100,50340,0,46471,3869,0,1,0.9941349,0,1,1,0.75073314,0,0
2020/11/24,中国,CN,湖北省,420000,武汉市,420100,50340,0,46471,3869,0,1,0.9941349,0,1,1,0.75073314,0,0
2020/11/25,中国,CN,湖北省,420000,武汉市,420100,50340,0,46471,3869,0,1,0.9941349,0,1,1,0.75073314,0,0
2020/11/26,中国,CN,湖北省,420000,武汉市,420100,50340,0,46471,3869,0,1,0.9941349,0,1,1,0.75073314,0,0
2020/11/27,中国,CN,湖北省,420000,武汉市,420100,50340,0,46471,3869,0,1,0.9941349,0,1,1,0.75073314,0,0
2020/11/28,中国,CN,湖北省,420000,武汉市,420100,50340,0,46471,3869,0,1,0.9941349,0,1,1,0.75073314,0,0
2020/11/29,中国,CN,湖北省,420000,武汉市,420100,50340,0,46471,3869,0,1,0.9941349,0,1,1,0.75073314,0,0
2020/11/30,中国,CN,湖北省,420000,武汉市,420100,50340,0,46471,3869,0,1,0.9941349,0,1,1,0.75073314,0,0
2020/12/1,中国,CN,湖北省,420000,武汉市,420100,50340,0,46471,3869,0,1,0.9941349,0,1,1,0.75073314,0,0
2020/12/2,中国,CN,湖北省,420000,武汉市,420100,50340,0,46471,3869,0,1,0.9941349,0,1,1,0.75073314,0,0
2020/12/3,中国,CN,湖北省,420000,武汉市,420100,50340,0,46471,3869,0,1,0.9941349,0,1,1,0.75073314,0,0
2020/12/4,中国,CN,湖北省,420000,武汉市,420100,50340,0,46471,3869,0,1,0.9941349,0,1,1,0.75073314,0,0
2020/12/5,中国,CN,湖北省,420000,武汉市,420100,50340,0,46471,3869,0,1,0.9941349,0,1,1,0.75073314,0,0
2020/12/6,中国,CN,湖北省,420000,武汉市,420100,50340,0,46471,3869,0,1,0.9941349,0,1,1,0.75073314,0,0
2020/12/7,中国,CN,湖北省,420000,武汉市,420100,50340,0,46471,3869,0,1,0.9941349,0,1,1,0.75073314,0,0
2020/12/8,中国,CN,湖北省,420000,武汉市,420100,50340,0,46471,3869,0,1,0.9941349,0,1,1,0.75073314,0,0
